{
  "n_file1": 48659,
  "n_file2": 218255,
  "n_union": 218255,
  "n_shared": 48659,
  "n_only_file1": 0,
  "n_only_file2": 169596,
  "shared_fraction_of_file1": 1.0,
  "shared_fraction_of_file2": 0.22294563698426154,
  "jaccard_ids": 0.22294563698426154,
  "shared_raw_pearson": NaN,
  "shared_raw_spearman": NaN,
  "shared_raw_mae": 19.399842507081594,
  "shared_raw_rmse": 137.34240905202384,
  "shared_raw_bray_curtis": 0.7718878606248517,
  "shared_raw_js_distance": 0.6837590365808166,
  "shared_log1p_pearson": NaN,
  "shared_log1p_spearman": NaN,
  "shared_log1p_mae": 1.036138309146827,
  "shared_log1p_rmse": 1.3103449622852807,
  "shared_log1p_bray_curtis": 0.29979109438888457,
  "shared_log1p_js_distance": 0.32168617033053376,
  "union_zero_filled_raw_pearson": NaN,
  "union_zero_filled_raw_spearman": NaN,
  "union_zero_filled_raw_mae": 7.8854155944380775,
  "union_zero_filled_raw_rmse": 64.97478105780338,
  "union_zero_filled_raw_bray_curtis": 0.8605156302602516,
  "union_zero_filled_raw_js_distance": 0.8742559513172486,
  "union_zero_filled_log1p_pearson": NaN,
  "union_zero_filled_log1p_spearman": NaN,
  "union_zero_filled_log1p_mae": 1.5671558595209938,
  "union_zero_filled_log1p_rmse": 1.6371709120082465,
  "union_zero_filled_log1p_bray_curtis": 0.7438919280110319,
  "union_zero_filled_log1p_js_distance": 0.7890188784786024
}